Rental Market Survey zone,ID,Year,Census year,Population,Households,Renter households,Percentage of renter households,Estimated percentage of affordable private market rental units (Composite measure),Estimated affordable private market rental units (1-person households),Estimated percentage of affordable private market rental units (1-person households),Estimated affordable private market rental units (2-person families),Estimated percentage of affordable private market rental units (2-person families),Estimated affordable private market rental units (3-person families),Estimated percentage of affordable private market rental units (3-person families),Estimated affordable private market rental units (4-person families),Estimated percentage of affordable private market rental units (4-person families),Percentage of renter households in core housing need,Renter households in core housing need,Estimated total rental units,Estimated primary market units,Estimated percentage of primary market units,Estimated secondary market condo units,Estimated percentage of secondary market condo units,Primary market vacancy rate,Change in primary market units,Percentage change in primary market units,Share of regional change in primary market units,Building permits issued,Building permits issued per square km,Amenity density (percentage of households)
Bedford,058008,2006,2006,15950,6245,1505,24.099999999999998,64.5,35,17.5,580,78.4,570,75.5,40,19.5,23.3,350,,,,,,,,,,,,
Bedford,058008,2007,2006,15950,6245,1505,24.099999999999998,64.5,35,17.5,580,78.4,570,75.5,40,19.5,23.3,350,,,,,,,,,,,,
Bedford,058008,2008,2006,15950,6245,1505,24.099999999999998,64.5,35,17.5,580,78.4,570,75.5,40,19.5,23.3,350,,,,,,,,,,,,
Bedford,058008,2009,2006,15950,6245,1505,24.099999999999998,64.5,35,17.5,580,78.4,570,75.5,40,19.5,23.3,350,,,,,,,,,,,,
Bedford,058008,2010,2006,15950,6245,1505,24.099999999999998,64.5,35,17.5,580,78.4,570,75.5,40,19.5,23.3,350,,,,,,2.8000000000000003,,,,,,
Bedford,058008,2011,2011,17900,7040,2065,29.299999999999997,71.6,95,38.800000000000004,880,84.6,825,73.7,120,43.6,20.1,415,2115,1238,58.5,295,13.900000000000002,2.5,63,5.4,12.2,,,
Bedford,058008,2012,2011,17900,7040,2065,29.299999999999997,71.6,95,38.800000000000004,880,84.6,825,73.7,120,43.6,20.1,415,2115,1238,58.5,295,13.900000000000002,4.3,13,1.0999999999999999,1.7999999999999998,,,
Bedford,058008,2013,2011,17900,7040,2065,29.299999999999997,71.6,95,38.800000000000004,880,84.6,825,73.7,120,43.6,20.1,415,2115,1238,58.5,295,13.900000000000002,1.5,0,0,0,,,
Bedford,058008,2014,2011,17900,7040,2065,29.299999999999997,71.6,95,38.800000000000004,880,84.6,825,73.7,120,43.6,20.1,415,2115,1238,58.5,295,13.900000000000002,4.2,-57,-4.6,-3.5999999999999996,,,
Bedford,058008,2015,2011,17900,7040,2065,29.299999999999997,71.6,95,38.800000000000004,880,84.6,825,73.7,120,43.6,20.1,415,2115,1238,58.5,295,13.900000000000002,2.3,13,1.0999999999999999,1,,,
Bedford,058008,2016,2016,19895,8170,3095,37.9,49.6,55,26.200000000000003,915,56.99999999999999,1025,49.9,250,37.9,17.8,550,3180,1275,40.1,305,9.6,2.7,68,5.6000000000000005,17.8,,,
Bedford,058008,2017,2016,19895,8170,3095,37.9,49.6,55,26.200000000000003,915,56.99999999999999,1025,49.9,250,37.9,17.8,550,3180,1275,40.1,305,9.6,1.3,578,45.300000000000004,33,,,
Bedford,058008,2018,2016,19895,8170,3095,37.9,49.6,55,26.200000000000003,915,56.99999999999999,1025,49.9,250,37.9,17.8,550,3180,1275,40.1,305,9.6,1.0999999999999999,46,2.5,2.6,,,
Bedford,058008,2019,2016,19895,8170,3095,37.9,49.6,55,26.200000000000003,915,56.99999999999999,1025,49.9,250,37.9,17.8,550,3180,1275,40.1,305,9.6,0.7000000000000001,94,4.9,5.3,,,
Bedford,058008,2020,2016,19895,8170,3095,37.9,49.6,55,26.200000000000003,915,56.99999999999999,1025,49.9,250,37.9,17.8,550,3180,1275,40.1,305,9.6,1.7999999999999998,-10,-0.5,-0.7000000000000001,,,
Bedford,058008,2021,2021,20231,8268,3005,36.3,56.2,35,17.5,910,64.8,980,58.3,190,40,18,540,3035,1984,65.4,390,12.8,1.0999999999999999,1,0.1,0.1,66,3.1,0 (High); 0 (Medium); 100 (Low)
Bedford,058008,2022,2021,20231,8268,3005,36.3,56.2,35,17.5,910,64.8,980,58.3,190,40,18,540,3035,1984,65.4,390,12.8,0.8999999999999999,0,0,0,90,4.3,
Dartmouth East,058007,2006,2006,53405,19685,3140,16,71.8,175,55.60000000000001,1035,85.5,1330,82.6,225,31.5,32.800000000000004,1030,,,,,,,,,,,,
Dartmouth East,058007,2007,2006,53405,19685,3140,16,71.8,175,55.60000000000001,1035,85.5,1330,82.6,225,31.5,32.800000000000004,1030,,,,,,,,,,,,
Dartmouth East,058007,2008,2006,53405,19685,3140,16,71.8,175,55.60000000000001,1035,85.5,1330,82.6,225,31.5,32.800000000000004,1030,,,,,,,,,,,,
Dartmouth East,058007,2009,2006,53405,19685,3140,16,71.8,175,55.60000000000001,1035,85.5,1330,82.6,225,31.5,32.800000000000004,1030,,,,,,,,,,,,
Dartmouth East,058007,2010,2006,53405,19685,3140,16,71.8,175,55.60000000000001,1035,85.5,1330,82.6,225,31.5,32.800000000000004,1030,,,,,,2.8000000000000003,,,,,,
Dartmouth East,058007,2011,2011,54855,20985,3865,18.4,71.39999999999999,230,53.5,1120,74.7,1470,73.5,620,69.69999999999999,29.4,1135,3950,1724,43.6,265,6.7,2.1999999999999997,62,3.6999999999999997,12,,,
Dartmouth East,058007,2012,2011,54855,20985,3865,18.4,71.39999999999999,230,53.5,1120,74.7,1470,73.5,620,69.69999999999999,29.4,1135,3950,1724,43.6,265,6.7,2.6,85,4.9,11.600000000000001,,,
Dartmouth East,058007,2013,2011,54855,20985,3865,18.4,71.39999999999999,230,53.5,1120,74.7,1470,73.5,620,69.69999999999999,29.4,1135,3950,1724,43.6,265,6.7,5.3,-12,-0.7000000000000001,-1.0999999999999999,,,
Dartmouth East,058007,2014,2011,54855,20985,3865,18.4,71.39999999999999,230,53.5,1120,74.7,1470,73.5,620,69.69999999999999,29.4,1135,3950,1724,43.6,265,6.7,7.199999999999999,258,14.399999999999999,16.2,,,
Dartmouth East,058007,2015,2011,54855,20985,3865,18.4,71.39999999999999,230,53.5,1120,74.7,1470,73.5,620,69.69999999999999,29.4,1135,3950,1724,43.6,265,6.7,5.3,122,5.8999999999999995,9.5,,,
Dartmouth East,058007,2016,2016,53915,21510,4625,21.5,71.1,215,58.9,1250,80.4,1670,68.30000000000001,860,68.5,28.999999999999996,1340,4730,2061,43.6,215,4.5,2.3,-116,-5.3,-30.3,,,
Dartmouth East,058007,2017,2016,53915,21510,4625,21.5,71.1,215,58.9,1250,80.4,1670,68.30000000000001,860,68.5,28.999999999999996,1340,4730,2061,43.6,215,4.5,1.0999999999999999,301,14.6,17.2,,,
Dartmouth East,058007,2018,2016,53915,21510,4625,21.5,71.1,215,58.9,1250,80.4,1670,68.30000000000001,860,68.5,28.999999999999996,1340,4730,2061,43.6,215,4.5,1.7000000000000002,-3,-0.1,-0.2,,,
Dartmouth East,058007,2019,2016,53915,21510,4625,21.5,71.1,215,58.9,1250,80.4,1670,68.30000000000001,860,68.5,28.999999999999996,1340,4730,2061,43.6,215,4.5,0.8,116,4.9,6.5,,,
Dartmouth East,058007,2020,2016,53915,21510,4625,21.5,71.1,215,58.9,1250,80.4,1670,68.30000000000001,860,68.5,28.999999999999996,1340,4730,2061,43.6,215,4.5,1.0999999999999999,54,2.1999999999999997,3.5000000000000004,,,
Dartmouth East,058007,2021,2021,55025,21993,4910,22.3,71.2,200,47.599999999999994,1195,79.9,1525,71.3,725,68.10000000000001,22.5,1105,5015,2448,48.8,250,5,2.1,-81,-3.2,-7.1,131,2.2,0 (High); 6.3 (Medium); 93.7 (Low)
Dartmouth East,058007,2022,2021,55025,21993,4910,22.3,71.2,200,47.599999999999994,1195,79.9,1525,71.3,725,68.10000000000001,22.5,1105,5015,2448,48.8,250,5,1.7999999999999998,68,2.8000000000000003,4.9,140,2.4,
Dartmouth North,058005,2006,2006,22045,11310,7580,67,82.6,1085,51.5,3760,96.39999999999999,2545,96.2,270,43.2,33.800000000000004,2560,,,,,,,,,,,,
Dartmouth North,058005,2007,2006,22045,11310,7580,67,82.6,1085,51.5,3760,96.39999999999999,2545,96.2,270,43.2,33.800000000000004,2560,,,,,,,,,,,,
Dartmouth North,058005,2008,2006,22045,11310,7580,67,82.6,1085,51.5,3760,96.39999999999999,2545,96.2,270,43.2,33.800000000000004,2560,,,,,,,,,,,,
Dartmouth North,058005,2009,2006,22045,11310,7580,67,82.6,1085,51.5,3760,96.39999999999999,2545,96.2,270,43.2,33.800000000000004,2560,,,,,,,,,,,,
Dartmouth North,058005,2010,2006,22045,11310,7580,67,82.6,1085,51.5,3760,96.39999999999999,2545,96.2,270,43.2,33.800000000000004,2560,,,,,,5.7,,,,,,
Dartmouth North,058005,2011,2011,21890,11535,8050,69.8,88.4,1550,69.39999999999999,4115,97.39999999999999,2830,92.9,695,77.7,37.7,3035,8525,6210,72.8,195,2.3,5.6000000000000005,-5,-0.1,-1,,,
Dartmouth North,058005,2012,2011,21890,11535,8050,69.8,88.4,1550,69.39999999999999,4115,97.39999999999999,2830,92.9,695,77.7,37.7,3035,8525,6210,72.8,195,2.3,5.800000000000001,-21,-0.3,-2.9000000000000004,,,
Dartmouth North,058005,2013,2011,21890,11535,8050,69.8,88.4,1550,69.39999999999999,4115,97.39999999999999,2830,92.9,695,77.7,37.7,3035,8525,6210,72.8,195,2.3,3.6999999999999997,114,1.7999999999999998,10.6,,,
Dartmouth North,058005,2014,2011,21890,11535,8050,69.8,88.4,1550,69.39999999999999,4115,97.39999999999999,2830,92.9,695,77.7,37.7,3035,8525,6210,72.8,195,2.3,4.3999999999999995,99,1.6,6.2,,,
Dartmouth North,058005,2015,2011,21890,11535,8050,69.8,88.4,1550,69.39999999999999,4115,97.39999999999999,2830,92.9,695,77.7,37.7,3035,8525,6210,72.8,195,2.3,5,43,0.7000000000000001,3.3000000000000003,,,
Dartmouth North,058005,2016,2016,22270,11955,8420,70.39999999999999,82.89999999999999,1180,57.4,4030,91.5,2670,86.7,600,87,35,2950,8780,6746,76.8,205,2.3,4.1000000000000005,301,4.7,78.60000000000001,,,
Dartmouth North,058005,2017,2016,22270,11955,8420,70.39999999999999,82.89999999999999,1180,57.4,4030,91.5,2670,86.7,600,87,35,2950,8780,6746,76.8,205,2.3,2.9000000000000004,173,2.6,9.9,,,
Dartmouth North,058005,2018,2016,22270,11955,8420,70.39999999999999,82.89999999999999,1180,57.4,4030,91.5,2670,86.7,600,87,35,2950,8780,6746,76.8,205,2.3,3.5000000000000004,56,0.8,3.2,,,
Dartmouth North,058005,2019,2016,22270,11955,8420,70.39999999999999,82.89999999999999,1180,57.4,4030,91.5,2670,86.7,600,87,35,2950,8780,6746,76.8,205,2.3,2.1,-61,-0.8999999999999999,-3.4000000000000004,,,
Dartmouth North,058005,2020,2016,22270,11955,8420,70.39999999999999,82.89999999999999,1180,57.4,4030,91.5,2670,86.7,600,87,35,2950,8780,6746,76.8,205,2.3,1.3,35,0.5,2.3,,,
Dartmouth North,058005,2021,2021,24730,12879,9335,72.5,80.60000000000001,1280,54,4225,91.2,2685,85.9,615,77.8,26.5,2475,9455,6939,73.4,395,4.2,1.3,-10,-0.1,-0.8999999999999999,121,4.1,0 (High); 22.7 (Medium); 77.3 (Low)
Dartmouth North,058005,2022,2021,24730,12879,9335,72.5,80.60000000000001,1280,54,4225,91.2,2685,85.9,615,77.8,26.5,2475,9455,6939,73.4,395,4.2,1.9,-12,-0.2,-0.8999999999999999,123,4.1,
Dartmouth South,058006,2006,2006,24615,10305,3975,38.6,74.7,355,43.8,1610,95.8,1590,89.8,225,28.1,29.2,1160,,,,,,,,,,,,
Dartmouth South,058006,2007,2006,24615,10305,3975,38.6,74.7,355,43.8,1610,95.8,1590,89.8,225,28.1,29.2,1160,,,,,,,,,,,,
Dartmouth South,058006,2008,2006,24615,10305,3975,38.6,74.7,355,43.8,1610,95.8,1590,89.8,225,28.1,29.2,1160,,,,,,,,,,,,
Dartmouth South,058006,2009,2006,24615,10305,3975,38.6,74.7,355,43.8,1610,95.8,1590,89.8,225,28.1,29.2,1160,,,,,,,,,,,,
Dartmouth South,058006,2010,2006,24615,10305,3975,38.6,74.7,355,43.8,1610,95.8,1590,89.8,225,28.1,29.2,1160,,,,,,3,,,,,,
Dartmouth South,058006,2011,2011,25320,10975,4025,36.7,87.1,520,64.60000000000001,1680,100,1555,93.10000000000001,535,69.5,33.5,1350,4150,2367,56.99999999999999,100,2.4,3.1,72,3.1,14.000000000000002,,,
Dartmouth South,058006,2012,2011,25320,10975,4025,36.7,87.1,520,64.60000000000001,1680,100,1555,93.10000000000001,535,69.5,33.5,1350,4150,2367,56.99999999999999,100,2.4,3.5999999999999996,-64,-2.7,-8.799999999999999,,,
Dartmouth South,058006,2013,2011,25320,10975,4025,36.7,87.1,520,64.60000000000001,1680,100,1555,93.10000000000001,535,69.5,33.5,1350,4150,2367,56.99999999999999,100,2.4,5.4,10,0.4,0.8999999999999999,,,
Dartmouth South,058006,2014,2011,25320,10975,4025,36.7,87.1,520,64.60000000000001,1680,100,1555,93.10000000000001,535,69.5,33.5,1350,4150,2367,56.99999999999999,100,2.4,4.7,314,13.600000000000001,19.8,,,
Dartmouth South,058006,2015,2011,25320,10975,4025,36.7,87.1,520,64.60000000000001,1680,100,1555,93.10000000000001,535,69.5,33.5,1350,4150,2367,56.99999999999999,100,2.4,5.4,7,0.3,0.5,,,
Dartmouth South,058006,2016,2016,25565,11655,5140,44.1,74.6,390,42.4,1925,81.6,1895,75.6,900,84.5,28.1,1445,5350,2724,50.9,275,5.1,4,90,3.4000000000000004,23.5,,,
Dartmouth South,058006,2017,2016,25565,11655,5140,44.1,74.6,390,42.4,1925,81.6,1895,75.6,900,84.5,28.1,1445,5350,2724,50.9,275,5.1,2.4,378,13.900000000000002,21.6,,,
Dartmouth South,058006,2018,2016,25565,11655,5140,44.1,74.6,390,42.4,1925,81.6,1895,75.6,900,84.5,28.1,1445,5350,2724,50.9,275,5.1,2.5,52,1.7000000000000002,3,,,
Dartmouth South,058006,2019,2016,25565,11655,5140,44.1,74.6,390,42.4,1925,81.6,1895,75.6,900,84.5,28.1,1445,5350,2724,50.9,275,5.1,1,181,5.7,10.2,,,
Dartmouth South,058006,2020,2016,25565,11655,5140,44.1,74.6,390,42.4,1925,81.6,1895,75.6,900,84.5,28.1,1445,5350,2724,50.9,275,5.1,1.9,85,2.5,5.6000000000000005,,,
Dartmouth South,058006,2021,2021,27833,12718,5930,46.6,66.60000000000001,400,34,1945,73.3,1715,70.39999999999999,720,79.10000000000001,22.5,1335,6010,3512,58.4,335,5.6000000000000005,1.4000000000000001,92,2.7,8.1,95,2.8,0 (High); 25.9 (Medium); 74.1 (Low)
Dartmouth South,058006,2022,2021,27833,12718,5930,46.6,66.60000000000001,400,34,1945,73.3,1715,70.39999999999999,720,79.10000000000001,22.5,1335,6010,3512,58.4,335,5.6000000000000005,1,-30,-0.8999999999999999,-2.1,98,2.9,
Mainland North,058004,2006,2006,42115,19460,11655,59.9,65,490,18.099999999999998,5340,80.4,4545,81.5,150,11.799999999999999,19.8,2305,,,,,,,,,,,,
Mainland North,058004,2007,2006,42115,19460,11655,59.9,65,490,18.099999999999998,5340,80.4,4545,81.5,150,11.799999999999999,19.8,2305,,,,,,,,,,,,
Mainland North,058004,2008,2006,42115,19460,11655,59.9,65,490,18.099999999999998,5340,80.4,4545,81.5,150,11.799999999999999,19.8,2305,,,,,,,,,,,,
Mainland North,058004,2009,2006,42115,19460,11655,59.9,65,490,18.099999999999998,5340,80.4,4545,81.5,150,11.799999999999999,19.8,2305,,,,,,,,,,,,
Mainland North,058004,2010,2006,42115,19460,11655,59.9,65,490,18.099999999999998,5340,80.4,4545,81.5,150,11.799999999999999,19.8,2305,,,,,,1.0999999999999999,,,,,,
Mainland North,058004,2011,2011,46775,21800,13265,60.8,76.9,825,28.999999999999996,6820,92.30000000000001,5255,86.2,605,48.8,26.5,3510,13425,11905,88.7,340,2.5,1.2,228,2,44.2,,,
Mainland North,058004,2012,2011,46775,21800,13265,60.8,76.9,825,28.999999999999996,6820,92.30000000000001,5255,86.2,605,48.8,26.5,3510,13425,11905,88.7,340,2.5,2.1,574,4.8,78.60000000000001,,,
Mainland North,058004,2013,2011,46775,21800,13265,60.8,76.9,825,28.999999999999996,6820,92.30000000000001,5255,86.2,605,48.8,26.5,3510,13425,11905,88.7,340,2.5,2.9000000000000004,581,4.7,54.2,,,
Mainland North,058004,2014,2011,46775,21800,13265,60.8,76.9,825,28.999999999999996,6820,92.30000000000001,5255,86.2,605,48.8,26.5,3510,13425,11905,88.7,340,2.5,3.3000000000000003,588,4.5,37,,,
Mainland North,058004,2015,2011,46775,21800,13265,60.8,76.9,825,28.999999999999996,6820,92.30000000000001,5255,86.2,605,48.8,26.5,3510,13425,11905,88.7,340,2.5,2.1999999999999997,610,4.5,47.3,,,
Mainland North,058004,2016,2016,49680,23290,15000,64.4,73.3,930,29.7,7415,85.5,5695,78.4,1175,69.69999999999999,22.1,3315,15275,14377,94.1,725,4.7,1.7999999999999998,119,0.8,31.1,,,
Mainland North,058004,2017,2016,49680,23290,15000,64.4,73.3,930,29.7,7415,85.5,5695,78.4,1175,69.69999999999999,22.1,3315,15275,14377,94.1,725,4.7,2,-597,-4.2,-34.1,,,
Mainland North,058004,2018,2016,49680,23290,15000,64.4,73.3,930,29.7,7415,85.5,5695,78.4,1175,69.69999999999999,22.1,3315,15275,14377,94.1,725,4.7,1,419,3,23.799999999999997,,,
Mainland North,058004,2019,2016,49680,23290,15000,64.4,73.3,930,29.7,7415,85.5,5695,78.4,1175,69.69999999999999,22.1,3315,15275,14377,94.1,725,4.7,1,429,3,24.099999999999998,,,
Mainland North,058004,2020,2016,49680,23290,15000,64.4,73.3,930,29.7,7415,85.5,5695,78.4,1175,69.69999999999999,22.1,3315,15275,14377,94.1,725,4.7,1,614,4.2,40.2,,,
Mainland North,058004,2021,2021,57691,26163,17445,66.7,67.10000000000001,665,21.8,7125,77.7,5820,73.3,1095,62.6,19.8,3460,17585,15329,87.2,710,4,0.8,87,0.6,7.6,91,4.5,0 (High); 6.2 (Medium); 93.8 (Low)
Mainland North,058004,2022,2021,57691,26163,17445,66.7,67.10000000000001,665,21.8,7125,77.7,5820,73.3,1095,62.6,19.8,3460,17585,15329,87.2,710,4,0.8,229,1.5,16.400000000000002,95,4.7,
Mainland South,058003,2006,2006,20875,9210,4205,45.7,78.5,475,54.300000000000004,1695,88.5,1400,88.9,250,50,34.8,1465,,,,,,,,,,,,
Mainland South,058003,2007,2006,20875,9210,4205,45.7,78.5,475,54.300000000000004,1695,88.5,1400,88.9,250,50,34.8,1465,,,,,,,,,,,,
Mainland South,058003,2008,2006,20875,9210,4205,45.7,78.5,475,54.300000000000004,1695,88.5,1400,88.9,250,50,34.8,1465,,,,,,,,,,,,
Mainland South,058003,2009,2006,20875,9210,4205,45.7,78.5,475,54.300000000000004,1695,88.5,1400,88.9,250,50,34.8,1465,,,,,,,,,,,,
Mainland South,058003,2010,2006,20875,9210,4205,45.7,78.5,475,54.300000000000004,1695,88.5,1400,88.9,250,50,34.8,1465,,,,,,4,,,,,,
Mainland South,058003,2011,2011,21270,9530,4130,43.3,84.8,345,65.10000000000001,1300,93.89999999999999,1165,87.3,340,73.1,34.4,1420,4265,2560,60,170,4,3.2,-19,-0.7000000000000001,-3.6999999999999997,,,
Mainland South,058003,2012,2011,21270,9530,4130,43.3,84.8,345,65.10000000000001,1300,93.89999999999999,1165,87.3,340,73.1,34.4,1420,4265,2560,60,170,4,4.6,9,0.4,1.2,,,
Mainland South,058003,2013,2011,21270,9530,4130,43.3,84.8,345,65.10000000000001,1300,93.89999999999999,1165,87.3,340,73.1,34.4,1420,4265,2560,60,170,4,5.1,77,3,7.199999999999999,,,
Mainland South,058003,2014,2011,21270,9530,4130,43.3,84.8,345,65.10000000000001,1300,93.89999999999999,1165,87.3,340,73.1,34.4,1420,4265,2560,60,170,4,4.2,178,6.7,11.200000000000001,,,
Mainland South,058003,2015,2011,21270,9530,4130,43.3,84.8,345,65.10000000000001,1300,93.89999999999999,1165,87.3,340,73.1,34.4,1420,4265,2560,60,170,4,4.2,46,1.6,3.5999999999999996,,,
Mainland South,058003,2016,2016,22350,10380,4805,46.300000000000004,80,490,64.1,1935,88.2,1690,79.2,525,74.5,36,1730,4990,2916,58.4,235,4.7,3.6999999999999997,46,1.6,12,,,
Mainland South,058003,2017,2016,22350,10380,4805,46.300000000000004,80,490,64.1,1935,88.2,1690,79.2,525,74.5,36,1730,4990,2916,58.4,235,4.7,2.1999999999999997,-183,-6.3,-10.5,,,
Mainland South,058003,2018,2016,22350,10380,4805,46.300000000000004,80,490,64.1,1935,88.2,1690,79.2,525,74.5,36,1730,4990,2916,58.4,235,4.7,1.2,-2,-0.1,-0.1,,,
Mainland South,058003,2019,2016,22350,10380,4805,46.300000000000004,80,490,64.1,1935,88.2,1690,79.2,525,74.5,36,1730,4990,2916,58.4,235,4.7,1.7000000000000002,51,1.9,2.9000000000000004,,,
Mainland South,058003,2020,2016,22350,10380,4805,46.300000000000004,80,490,64.1,1935,88.2,1690,79.2,525,74.5,36,1730,4990,2916,58.4,235,4.7,1.6,5,0.2,0.3,,,
Mainland South,058003,2021,2021,26281,11463,5290,46.1,76.1,440,51.2,2085,88,1710,76.7,470,65.3,29.7,1570,5335,2837,53.2,385,7.199999999999999,0.8999999999999999,50,1.7999999999999998,4.3999999999999995,107,4.2,0 (High); 4.3 (Medium); 95.7 (Low)
Mainland South,058003,2022,2021,26281,11463,5290,46.1,76.1,440,51.2,2085,88,1710,76.7,470,65.3,29.7,1570,5335,2837,53.2,385,7.199999999999999,0.6,1,0,0.1,79,3.1,
Peninsula North,058002,2006,2006,34010,16450,9905,60.199999999999996,66.3,1040,38.4,3945,81.89999999999999,2945,78.2,370,29.799999999999997,29.2,2895,,,,,,,,,,,,
Peninsula North,058002,2007,2006,34010,16450,9905,60.199999999999996,66.3,1040,38.4,3945,81.89999999999999,2945,78.2,370,29.799999999999997,29.2,2895,,,,,,,,,,,,
Peninsula North,058002,2008,2006,34010,16450,9905,60.199999999999996,66.3,1040,38.4,3945,81.89999999999999,2945,78.2,370,29.799999999999997,29.2,2895,,,,,,,,,,,,
Peninsula North,058002,2009,2006,34010,16450,9905,60.199999999999996,66.3,1040,38.4,3945,81.89999999999999,2945,78.2,370,29.799999999999997,29.2,2895,,,,,,,,,,,,
Peninsula North,058002,2010,2006,34010,16450,9905,60.199999999999996,66.3,1040,38.4,3945,81.89999999999999,2945,78.2,370,29.799999999999997,29.2,2895,,,,,,3.3000000000000003,,,,,,
Peninsula North,058002,2011,2011,35140,17245,10900,63.2,70.89999999999999,990,35.6,4975,87,3460,76.6,700,55.300000000000004,31.7,3455,11130,5698,51.2,360,3.2,2.1,20,0.4,3.9,,,
Peninsula North,058002,2012,2011,35140,17245,10900,63.2,70.89999999999999,990,35.6,4975,87,3460,76.6,700,55.300000000000004,31.7,3455,11130,5698,51.2,360,3.2,2.3,55,1,7.5,,,
Peninsula North,058002,2013,2011,35140,17245,10900,63.2,70.89999999999999,990,35.6,4975,87,3460,76.6,700,55.300000000000004,31.7,3455,11130,5698,51.2,360,3.2,2.7,102,1.7999999999999998,9.5,,,
Peninsula North,058002,2014,2011,35140,17245,10900,63.2,70.89999999999999,990,35.6,4975,87,3460,76.6,700,55.300000000000004,31.7,3455,11130,5698,51.2,360,3.2,3.4000000000000004,-101,-1.7000000000000002,-6.4,,,
Peninsula North,058002,2015,2011,35140,17245,10900,63.2,70.89999999999999,990,35.6,4975,87,3460,76.6,700,55.300000000000004,31.7,3455,11130,5698,51.2,360,3.2,3.9,-13,-0.2,-1,,,
Peninsula North,058002,2016,2016,33945,17205,11145,64.8,69.89999999999999,835,30.5,5065,87,3525,74.7,895,60.099999999999994,24.9,2775,11415,5765,50.5,520,4.6,2.4,24,0.4,6.3,,,
Peninsula North,058002,2017,2016,33945,17205,11145,64.8,69.89999999999999,835,30.5,5065,87,3525,74.7,895,60.099999999999994,24.9,2775,11415,5765,50.5,520,4.6,2.9000000000000004,282,4.9,16.1,,,
Peninsula North,058002,2018,2016,33945,17205,11145,64.8,69.89999999999999,835,30.5,5065,87,3525,74.7,895,60.099999999999994,24.9,2775,11415,5765,50.5,520,4.6,1.0999999999999999,488,8.1,27.700000000000003,,,
Peninsula North,058002,2019,2016,33945,17205,11145,64.8,69.89999999999999,835,30.5,5065,87,3525,74.7,895,60.099999999999994,24.9,2775,11415,5765,50.5,520,4.6,1.0999999999999999,222,3.4000000000000004,12.5,,,
Peninsula North,058002,2020,2016,33945,17205,11145,64.8,69.89999999999999,835,30.5,5065,87,3525,74.7,895,60.099999999999994,24.9,2775,11415,5765,50.5,520,4.6,2.7,160,2.4,10.5,,,
Peninsula North,058002,2021,2021,38851,19080,12965,68,62.8,935,27.800000000000004,5365,76,3720,69,860,57.3,21.2,2755,13105,6944,53,790,6,1.0999999999999999,27,0.4,2.4,164,16.2,0 (High); 23.2 (Medium); 76.8 (Low)
Peninsula North,058002,2022,2021,38851,19080,12965,68,62.8,935,27.800000000000004,5365,76,3720,69,860,57.3,21.2,2755,13105,6944,53,790,6,1.2,11,0.2,0.8,180,17.8,
Peninsula South,058001,2006,2006,26615,13650,9185,67.30000000000001,38.5,575,13.100000000000001,3430,61.3,1130,39.900000000000006,100,12.8,16.2,1490,,,,,,,,,,,,
Peninsula South,058001,2007,2006,26615,13650,9185,67.30000000000001,38.5,575,13.100000000000001,3430,61.3,1130,39.900000000000006,100,12.8,16.2,1490,,,,,,,,,,,,
Peninsula South,058001,2008,2006,26615,13650,9185,67.30000000000001,38.5,575,13.100000000000001,3430,61.3,1130,39.900000000000006,100,12.8,16.2,1490,,,,,,,,,,,,
Peninsula South,058001,2009,2006,26615,13650,9185,67.30000000000001,38.5,575,13.100000000000001,3430,61.3,1130,39.900000000000006,100,12.8,16.2,1490,,,,,,,,,,,,
Peninsula South,058001,2010,2006,26615,13650,9185,67.30000000000001,38.5,575,13.100000000000001,3430,61.3,1130,39.900000000000006,100,12.8,16.2,1490,,,,,,0.8,,,,,,
Peninsula South,058001,2011,2011,27755,14045,9580,68.2,48.4,535,11.799999999999999,4705,77.10000000000001,1555,51,230,28.599999999999998,22.3,2140,9715,7881,81.10000000000001,655,6.7,1.4000000000000001,43,0.5,8.3,,,
Peninsula South,058001,2012,2011,27755,14045,9580,68.2,48.4,535,11.799999999999999,4705,77.10000000000001,1555,51,230,28.599999999999998,22.3,2140,9715,7881,81.10000000000001,655,6.7,2.1,71,0.8999999999999999,9.700000000000001,,,
Peninsula South,058001,2013,2011,27755,14045,9580,68.2,48.4,535,11.799999999999999,4705,77.10000000000001,1555,51,230,28.599999999999998,22.3,2140,9715,7881,81.10000000000001,655,6.7,2.3,169,2.1,15.8,,,
Peninsula South,058001,2014,2011,27755,14045,9580,68.2,48.4,535,11.799999999999999,4705,77.10000000000001,1555,51,230,28.599999999999998,22.3,2140,9715,7881,81.10000000000001,655,6.7,2.6,310,3.8,19.5,,,
Peninsula South,058001,2015,2011,27755,14045,9580,68.2,48.4,535,11.799999999999999,4705,77.10000000000001,1555,51,230,28.599999999999998,22.3,2140,9715,7881,81.10000000000001,655,6.7,3.1,137,1.6,10.6,,,
Peninsula South,058001,2016,2016,27000,14275,10165,71.2,47.5,415,9.3,4970,73.2,1860,50.1,390,35.3,14.499999999999998,1470,10390,8328,80.2,820,7.9,2.1999999999999997,-240,-2.8000000000000003,-62.7,,,
Peninsula South,058001,2017,2016,27000,14275,10165,71.2,47.5,415,9.3,4970,73.2,1860,50.1,390,35.3,14.499999999999998,1470,10390,8328,80.2,820,7.9,2.3,348,4.2,19.900000000000002,,,
Peninsula South,058001,2018,2016,27000,14275,10165,71.2,47.5,415,9.3,4970,73.2,1860,50.1,390,35.3,14.499999999999998,1470,10390,8328,80.2,820,7.9,1.0999999999999999,415,4.8,23.599999999999998,,,
Peninsula South,058001,2019,2016,27000,14275,10165,71.2,47.5,415,9.3,4970,73.2,1860,50.1,390,35.3,14.499999999999998,1470,10390,8328,80.2,820,7.9,0.4,611,6.7,34.4,,,
Peninsula South,058001,2020,2016,27000,14275,10165,71.2,47.5,415,9.3,4970,73.2,1860,50.1,390,35.3,14.499999999999998,1470,10390,8328,80.2,820,7.9,3.6999999999999997,337,3.5000000000000004,22.1,,,
Peninsula South,058001,2021,2021,33318,17105,12730,74.4,41.4,730,11.600000000000001,5560,63,1840,42.6,425,33.900000000000006,16.2,2060,12855,10263,79.80000000000001,1090,8.5,1,224,2.1999999999999997,19.6,146,16.8,0.5 (High); 83.9 (Medium); 15.6 (Low)
Peninsula South,058001,2022,2021,33318,17105,12730,74.4,41.4,730,11.600000000000001,5560,63,1840,42.6,425,33.900000000000006,16.2,2060,12855,10263,79.80000000000001,1090,8.5,0.6,402,3.9,28.799999999999997,211,24.3,
Remainder of CMA,058010,2006,2006,105580,38730,2975,7.7,72.7,170,52.300000000000004,910,91,1135,82.8,220,33.6,26.6,790,,,,,,,,,,,,
Remainder of CMA,058010,2007,2006,105580,38730,2975,7.7,72.7,170,52.300000000000004,910,91,1135,82.8,220,33.6,26.6,790,,,,,,,,,,,,
Remainder of CMA,058010,2008,2006,105580,38730,2975,7.7,72.7,170,52.300000000000004,910,91,1135,82.8,220,33.6,26.6,790,,,,,,,,,,,,
Remainder of CMA,058010,2009,2006,105580,38730,2975,7.7,72.7,170,52.300000000000004,910,91,1135,82.8,220,33.6,26.6,790,,,,,,,,,,,,
Remainder of CMA,058010,2010,2006,105580,38730,2975,7.7,72.7,170,52.300000000000004,910,91,1135,82.8,220,33.6,26.6,790,,,,,,2.9000000000000004,,,,,,
Remainder of CMA,058010,2011,2011,111580,41360,3390,8.200000000000001,79.9,275,71.39999999999999,975,93.8,1190,80.4,495,64.3,35.3,1195,3420,414,12.1,35,1,0.8999999999999999,0,0,0,,,
Remainder of CMA,058010,2012,2011,111580,41360,3390,8.200000000000001,79.9,275,71.39999999999999,975,93.8,1190,80.4,495,64.3,35.3,1195,3420,414,12.1,35,1,1,-3,-0.7000000000000001,-0.4,,,
Remainder of CMA,058010,2013,2011,111580,41360,3390,8.200000000000001,79.9,275,71.39999999999999,975,93.8,1190,80.4,495,64.3,35.3,1195,3420,414,12.1,35,1,0.8999999999999999,7,1.7000000000000002,0.7000000000000001,,,
Remainder of CMA,058010,2014,2011,111580,41360,3390,8.200000000000001,79.9,275,71.39999999999999,975,93.8,1190,80.4,495,64.3,35.3,1195,3420,414,12.1,35,1,2.5,0,0,0,,,
Remainder of CMA,058010,2015,2011,111580,41360,3390,8.200000000000001,79.9,275,71.39999999999999,975,93.8,1190,80.4,495,64.3,35.3,1195,3420,414,12.1,35,1,2.1,44,10.5,3.4000000000000004,,,
Remainder of CMA,058010,2016,2016,115075,43865,4180,9.5,70.89999999999999,200,59.699999999999996,1000,85.1,1475,67.7,890,66.4,25.5,1065,4305,530,12.3,55,1.3,3,68,14.7,17.8,,,
Remainder of CMA,058010,2017,2016,115075,43865,4180,9.5,70.89999999999999,200,59.699999999999996,1000,85.1,1475,67.7,890,66.4,25.5,1065,4305,530,12.3,55,1.3,3.4000000000000004,555,104.69999999999999,31.7,,,
Remainder of CMA,058010,2018,2016,115075,43865,4180,9.5,70.89999999999999,200,59.699999999999996,1000,85.1,1475,67.7,890,66.4,25.5,1065,4305,530,12.3,55,1.3,2.7,92,8.5,5.2,,,
Remainder of CMA,058010,2019,2016,115075,43865,4180,9.5,70.89999999999999,200,59.699999999999996,1000,85.1,1475,67.7,890,66.4,25.5,1065,4305,530,12.3,55,1.3,0.2,181,15.4,10.2,,,
Remainder of CMA,058010,2020,2016,115075,43865,4180,9.5,70.89999999999999,200,59.699999999999996,1000,85.1,1475,67.7,890,66.4,25.5,1065,4305,530,12.3,55,1.3,0.4,215,15.8,14.099999999999998,,,
Remainder of CMA,058010,2021,2021,127252,49239,6285,12.8,51.6,225,36.6,1270,50.1,1855,51.800000000000004,965,59.4,18.099999999999998,1135,6320,2329,36.9,190,3,0.6,756,48.1,66.3,1401,0.3,0 (High); 0 (Medium); 100 (Low)
Remainder of CMA,058010,2022,2021,127252,49239,6285,12.8,51.6,225,36.6,1270,50.1,1855,51.800000000000004,965,59.4,18.099999999999998,1135,6320,2329,36.9,190,3,0.4,679,29.2,48.6,1431,0.3,
Sackville,058009,2006,2006,27645,10075,1730,17.2,81.69999999999999,95,48.699999999999996,725,94.8,890,96.2,100,30.3,37.9,655,,,,,,,,,,,,
Sackville,058009,2007,2006,27645,10075,1730,17.2,81.69999999999999,95,48.699999999999996,725,94.8,890,96.2,100,30.3,37.9,655,,,,,,,,,,,,
Sackville,058009,2008,2006,27645,10075,1730,17.2,81.69999999999999,95,48.699999999999996,725,94.8,890,96.2,100,30.3,37.9,655,,,,,,,,,,,,
Sackville,058009,2009,2006,27645,10075,1730,17.2,81.69999999999999,95,48.699999999999996,725,94.8,890,96.2,100,30.3,37.9,655,,,,,,,,,,,,
Sackville,058009,2010,2006,27645,10075,1730,17.2,81.69999999999999,95,48.699999999999996,725,94.8,890,96.2,100,30.3,37.9,655,,,,,,2.8000000000000003,,,,,,
Sackville,058009,2011,2011,27840,10645,2190,20.599999999999998,81,75,35.699999999999996,795,100,940,87.9,235,52.2,31.3,685,2245,1037,46.2,60,2.7,2.5,52,5.3,10.100000000000001,,,
Sackville,058009,2012,2011,27840,10645,2190,20.599999999999998,81,75,35.699999999999996,795,100,940,87.9,235,52.2,31.3,685,2245,1037,46.2,60,2.7,3.1,11,1.0999999999999999,1.5,,,
Sackville,058009,2013,2011,27840,10645,2190,20.599999999999998,81,75,35.699999999999996,795,100,940,87.9,235,52.2,31.3,685,2245,1037,46.2,60,2.7,4.6,23,2.1999999999999997,2.1,,,
Sackville,058009,2014,2011,27840,10645,2190,20.599999999999998,81,75,35.699999999999996,795,100,940,87.9,235,52.2,31.3,685,2245,1037,46.2,60,2.7,,-1,-0.1,-0.1,,,
Sackville,058009,2015,2011,27840,10645,2190,20.599999999999998,81,75,35.699999999999996,795,100,940,87.9,235,52.2,31.3,685,2245,1037,46.2,60,2.7,2.9000000000000004,282,26.400000000000002,21.8,,,
Sackville,058009,2016,2016,27940,11150,2615,23.5,77.2,105,35.6,925,95.39999999999999,960,76.8,395,68.7,26.6,695,2675,1375,51.4,65,2.4,2.4,23,1.7000000000000002,6,,,
Sackville,058009,2017,2016,27940,11150,2615,23.5,77.2,105,35.6,925,95.39999999999999,960,76.8,395,68.7,26.6,695,2675,1375,51.4,65,2.4,2.5,-84,-6.1,-4.8,,,
Sackville,058009,2018,2016,27940,11150,2615,23.5,77.2,105,35.6,925,95.39999999999999,960,76.8,395,68.7,26.6,695,2675,1375,51.4,65,2.4,2,198,15.299999999999999,11.200000000000001,,,
Sackville,058009,2019,2016,27940,11150,2615,23.5,77.2,105,35.6,925,95.39999999999999,960,76.8,395,68.7,26.6,695,2675,1375,51.4,65,2.4,0.1,-46,-3.1,-2.6,,,
Sackville,058009,2020,2016,27940,11150,2615,23.5,77.2,105,35.6,925,95.39999999999999,960,76.8,395,68.7,26.6,695,2675,1375,51.4,65,2.4,0.5,31,2.1,2,,,
Sackville,058009,2021,2021,28860,11742,3180,27.1,75.9,105,37.5,990,88.4,1200,77.2,490,68.5,23.400000000000002,745,3205,1469,45.800000000000004,55,1.7000000000000002,0.8,-5,-0.3,-0.4,72,2.7,0 (High); 0.2 (Medium); 99.8 (Low)
Sackville,058009,2022,2021,28860,11742,3180,27.1,75.9,105,37.5,990,88.4,1200,77.2,490,68.5,23.400000000000002,745,3205,1469,45.800000000000004,55,1.7000000000000002,1.2,49,3.3000000000000003,3.5000000000000004,63,2.4,
